City_ID,City,Lat,Lng,Max Temp,Humidity,Cloudiness,Wind Speed,Country,Date
0,lompoc,34.6391,-120.4579,76.01,65,0,24.0,US,1714253886
1,port-aux-francais,-49.35,70.2167,41.7,73,100,19.64,TF,1714254126
2,lihue,21.9789,-159.3672,78.39,80,75,10.36,US,1714253926
3,papatowai,-46.5619,169.4708,54.43,76,10,3.47,NZ,1714253905
4,waitangi,-43.9535,-176.5597,56.82,80,18,4.0,NZ,1714254127
5,bikenibeu village,1.3673,173.1241,84.16,89,75,9.22,KI,1714253901
6,kone,-21.0595,164.8658,76.75,73,71,3.44,NC,1714254128
7,remire-montjoly,4.9167,-52.2667,82.44,83,100,6.91,GF,1714254128
8,albany,42.6001,-73.9662,63.25,70,100,5.48,US,1714254088
9,grytviken,-54.2811,-36.5092,39.07,99,100,17.67,GS,1714254129
10,puerto deseado,-47.7503,-65.8938,51.75,40,76,31.94,AR,1714254130
11,mana,5.6592,-53.7767,79.84,79,89,6.8,GF,1714254131
12,corner brook,48.9667,-57.9484,46.56,63,11,4.12,CA,1714253409
13,college,64.8569,-147.8028,53.92,42,20,8.05,US,1714254132
14,georgetown,5.4112,100.3354,84.13,83,20,3.44,MY,1714254132
15,fortuna,40.5982,-124.1573,58.93,73,100,10.36,US,1714254132
16,qaqortoq,60.7167,-46.0333,30.63,94,100,4.21,GL,1714254133
17,codrington,-38.2667,141.9667,47.93,70,77,9.33,AU,1714253913
18,apomu,7.3333,4.1833,84.06,93,53,3.44,NG,1714254134
19,yellowknife,62.456,-114.3525,32.41,55,20,9.22,CA,1714254134
20,kodiak,57.79,-152.4072,44.11,76,100,14.97,US,1714253900
21,tofol,5.3248,163.0078,81.97,83,100,15.3,FM,1714253909
22,anloga,5.7947,0.8973,84.31,84,34,10.6,GH,1714254136
23,hawaiian paradise park,19.5933,-154.9731,80.11,81,20,9.22,US,1714254136
24,usinsk,65.9939,57.5281,29.07,93,100,14.0,RU,1714254027
25,teguise,29.0605,-13.564,64.62,60,20,10.36,ES,1714254137
26,khash,28.2211,61.2158,60.26,39,88,9.6,IR,1714254137
27,marsa alam,25.0757,34.8918,78.19,52,1,10.74,EG,1714254138
28,stanley,54.868,-1.6985,40.77,90,0,2.3,GB,1714253869
29,adamstown,-25.066,-130.1015,73.29,85,100,16.8,PN,1714254139
30,egersund,58.4513,5.9997,41.09,73,100,13.53,NO,1714254139
31,puerto natales,-51.7236,-72.4875,41.45,75,100,9.22,CL,1714254140
32,vorgashor,67.5833,63.95,18.07,95,84,11.81,RU,1714253910
33,iqaluit,63.7506,-68.5145,24.53,92,100,18.41,CA,1714253907
34,ust-nera,64.5667,143.2,20.37,94,91,6.46,RU,1714253915
35,al hudaydah,14.7978,42.9545,84.06,80,35,17.85,YE,1714254142
36,la passe,45.5549,-0.8967,53.98,84,85,16.58,FR,1714254142
37,santa ana,33.7456,-117.8678,78.85,58,0,14.97,US,1714254142
38,polyarnyy,69.1989,33.4478,30.11,86,100,9.89,RU,1714253924
39,port elizabeth,-33.918,25.5701,66.09,87,63,5.01,ZA,1714253901
40,ha'il,27.5219,41.6907,77.02,29,40,9.22,SA,1714254144
41,weno,7.4515,151.8468,83.82,78,100,20.62,FM,1714253916
42,keflavik,64.0049,-22.5624,46.31,75,20,13.8,IS,1714254145
43,ribeira grande,38.5167,-28.7,59.77,74,27,8.01,PT,1714254145
44,bilibino,68.0546,166.4372,24.33,71,81,2.77,RU,1714253877
45,queenstown,-31.8976,26.8753,52.65,87,99,0.16,ZA,1714253918
46,benguela,-12.5763,13.4055,78.78,82,0,1.48,AO,1714254146
47,port mathurin,-19.6833,63.4167,80.17,69,25,8.59,MU,1714253911
48,tura,25.5198,90.2201,76.33,79,54,7.58,IN,1714254147
49,praia da vitoria,38.7333,-27.0667,59.25,72,40,11.97,PT,1714254148
50,talnakh,69.4865,88.3972,17.67,95,100,7.67,RU,1714254148
51,carnarvon,-24.8667,113.6333,75.99,66,67,4.03,AU,1714254149
52,okhotsk,59.3833,143.3,29.08,89,100,7.47,RU,1714254149
53,connell,46.6635,-118.8611,63.01,45,95,11.99,US,1714254150
54,invercargill,-46.4,168.35,48.02,98,19,3.0,NZ,1714253900
55,dawei,14.0833,98.2,76.44,91,8,3.09,MM,1714254150
56,enewetak,11.3474,162.3373,81.45,74,100,18.3,MH,1714253919
57,olonkinbyen,70.9221,-8.7187,31.91,83,45,4.05,SJ,1714254151
58,funafuti,-8.5243,179.1942,89.6,74,40,13.8,TV,1714254152
59,whitehorse,60.7161,-135.0538,54.37,26,40,8.05,CA,1714253909
60,puerto baquerizo moreno,-0.9,-89.6,83.39,74,75,11.5,EC,1714254008
61,gadzhiyevo,69.2551,33.3362,30.43,86,100,10.13,RU,1714254153
62,rreshen,41.7675,19.8756,54.97,79,0,3.87,AL,1714254154
63,kabinda,-6.1333,24.4833,67.3,89,44,3.15,CD,1714254010
64,taro,-8.3862,115.28,75.2,99,93,1.97,ID,1714254155
65,west island,-12.1568,96.8225,82.38,89,75,17.27,CC,1714254156
66,prince george,53.9166,-122.753,49.44,82,100,13.8,CA,1714254151
67,nilsia,63.2,28.0833,35.46,94,75,4.72,FI,1714254156
68,thompson,55.7435,-97.8558,32.16,34,0,5.75,CA,1714254157
69,pisco,-13.7,-76.2167,75.25,69,0,19.57,PE,1714254064
70,ilulissat,69.2167,-51.1,33.82,93,100,4.61,GL,1714253908
71,edinburgh of the seven seas,-37.0676,-12.3116,54.39,71,98,27.92,SH,1714254158
72,hermanus,-34.4187,19.2345,63.0,78,5,9.19,ZA,1714254159
73,jamestown,42.097,-79.2353,65.71,71,99,13.0,US,1714253904
74,tamanrasset,22.785,5.5228,80.51,14,0,12.66,DZ,1714254160
75,haiku-pauwela,20.9219,-156.3051,79.21,85,40,17.27,US,1714254160
76,guiuan,11.0333,125.7247,83.53,75,100,17.74,PH,1714254160
77,avarua,-21.2078,-159.775,82.45,83,75,19.57,CK,1714253913
78,margaret river,-33.95,115.0667,60.4,85,100,8.95,AU,1714253899
79,waimea,20.0231,-155.6717,75.0,100,52,4.61,US,1714254162
80,monopoli,40.9559,17.2896,60.42,71,2,4.81,IT,1714254034
81,egilsstadir,65.2653,-14.3948,37.31,93,75,12.66,IS,1714254163
82,rikaze,29.25,88.8833,39.06,40,0,5.17,CN,1714254009
83,vadso,70.0744,29.7487,32.88,80,100,12.66,NO,1714254164
84,yuzhno-kurilsk,44.0306,145.8556,46.38,96,45,9.01,RU,1714254164
85,mozarlandia,-14.7447,-50.5706,81.7,60,2,3.98,BR,1714254165
86,grand falls-windsor,48.9332,-55.6649,43.5,51,16,5.01,CA,1714254026
87,puerto ayora,-0.7393,-90.3518,87.76,90,21,8.01,EC,1714253908
88,hamilton,39.1834,-84.5333,78.64,54,0,16.11,US,1714254094
89,bredasdorp,-34.5322,20.0403,61.29,88,41,7.29,ZA,1714254166
90,longyearbyen,78.2186,15.6401,28.24,93,75,1.14,SJ,1714253900
91,flying fish cove,-10.4217,105.6791,78.48,100,40,3.44,CX,1714254167
92,asau,46.4333,26.4,47.32,86,57,3.22,RO,1714254168
93,poronaysk,49.2167,143.1167,47.37,56,59,3.27,RU,1714253917
94,ushuaia,-54.8,-68.3,38.86,87,40,2.3,AR,1714253985
95,porto novo,6.4965,2.6036,85.82,83,19,6.76,BJ,1714254013
96,noumea,-22.2763,166.4572,77.0,99,16,10.07,NC,1714254170
97,cabo san lucas,22.8909,-109.9124,86.61,38,20,8.05,MX,1714254170
98,takoradi,4.8845,-1.7554,83.21,85,97,8.03,GH,1714254171
99,ulverstone,-41.15,146.1667,48.72,93,91,4.52,AU,1714254171
100,sant lluis,39.8526,4.2594,61.2,100,100,6.91,ES,1714254172
101,oratorio,14.2281,-90.1758,80.78,56,73,6.51,GT,1714254173
102,katsuura,35.1333,140.3,64.58,89,18,5.91,JP,1714253930
103,naze,28.3667,129.4833,68.92,87,22,3.0,JP,1714253938
104,igarka,67.4667,86.5833,27.01,89,100,8.99,RU,1714254017
105,blackmans bay,-43.0167,147.3167,45.52,91,30,5.88,AU,1714254175
106,bardai,11.65,7.2333,86.72,39,100,6.53,NG,1714253937
107,utrik,11.2278,169.8474,81.93,78,99,14.99,MH,1714254176
108,nemuro,43.3236,145.575,43.83,96,28,7.67,JP,1714253905
109,rouissat,31.9243,5.3502,77.07,31,33,14.97,DZ,1714254176
110,mishelevka,52.8575,103.1719,34.74,83,78,4.12,RU,1714254177
111,badger,64.8,-147.5333,53.85,38,0,8.05,US,1714254177
112,mountain home,43.133,-115.6912,65.68,35,20,16.11,US,1714254178
113,labuan,5.2767,115.2417,82.76,78,20,3.44,MY,1714254178
114,semporna,4.4818,118.6112,79.86,84,100,2.39,MY,1714253913
115,ust'-barguzin,53.45,108.9833,29.01,81,98,2.15,RU,1714254179
116,amahai,-3.3333,128.9167,86.2,81,100,2.24,ID,1714254179
117,pandan,14.0453,124.1694,81.18,86,66,10.47,PH,1714253927
118,newman,37.3138,-121.0208,73.26,42,16,14.0,US,1714253912
119,uturoa,-16.7333,-151.4333,83.1,76,47,21.88,PF,1714254181
120,kiama,-34.6833,150.8667,55.58,89,0,6.22,AU,1714254181
121,mount gambier,-37.8333,140.7667,46.63,71,54,6.62,AU,1714254181
122,petropavlovsk-kamchatsky,53.0452,158.6483,36.45,99,75,2.24,RU,1714253910
123,tobelo,1.7284,128.0095,81.99,80,78,3.47,ID,1714254182
124,caleta de carquin,-11.0925,-77.6267,70.65,82,18,7.43,PE,1714254183
125,ulsteinvik,62.3432,5.8487,44.76,74,63,1.99,NO,1714254183
126,ibarreta,-25.2144,-59.8585,82.04,66,92,7.05,AR,1714254178
127,st. john's,47.5649,-52.7093,35.98,79,75,20.71,CA,1714254184
128,solleftea,63.1667,17.2667,33.66,100,96,0.81,SE,1714254184
129,susuman,62.7833,148.1667,22.98,95,100,4.0,RU,1714254185
130,tiksi,71.6872,128.8694,-0.47,91,39,4.05,RU,1714254185
131,floro,61.5996,5.0328,41.07,87,15,1.14,NO,1714254186
132,howard springs,-12.497,131.047,73.31,83,88,6.13,AU,1714254186
133,ambon,-3.6954,128.1814,81.88,15,40,3.44,ID,1714254186
134,touros,-5.1989,-35.4608,80.69,80,100,9.48,BR,1714254187
135,alofi,-19.0595,-169.9187,84.09,70,75,16.11,NU,1714254187
136,murzuq,25.9155,13.9184,83.88,10,1,6.04,LY,1714254188
137,pimentel,-6.8367,-79.9342,77.29,65,0,20.71,PE,1714254028
138,udachny,66.4167,112.4,5.45,100,89,3.8,RU,1714254189
139,huarmey,-10.0681,-78.1522,71.62,80,25,8.95,PE,1714254189
140,emirgazi,37.9022,33.8372,56.79,84,100,11.9,TR,1714253931
141,saipan,15.1355,145.701,83.1,74,20,14.97,MP,1714253936
142,port alfred,-33.5906,26.891,66.18,77,46,5.99,ZA,1714253922
143,kingston,17.997,-76.7936,88.75,58,20,10.36,JM,1714253934
144,eyl,7.9803,49.8164,83.62,76,47,9.93,SO,1714254191
145,chake chake,-5.2459,39.7666,79.81,79,98,13.4,TZ,1714254192
146,cherniakhiv,50.4565,28.6702,49.46,65,100,6.17,UA,1714254192
147,kirensk,57.7853,108.1119,31.96,95,100,5.01,RU,1714253918
148,chonchi,-42.6128,-73.8092,51.12,90,91,7.16,CL,1714253926
149,kutiyana,21.6233,69.9817,81.68,49,78,6.11,IN,1714254193
150,smithers,54.7804,-127.1743,57.52,33,75,8.05,CA,1714254194
151,east london,-33.0153,27.9116,66.0,72,51,19.28,ZA,1714253979
152,aasiaat,68.7098,-52.8699,31.12,97,99,6.38,GL,1714253906
153,bethel,41.3712,-73.414,58.77,37,0,13.8,US,1714254195
154,hithadhoo,-0.6,73.0833,85.5,74,100,10.47,MV,1714254195
155,crane,31.3974,-102.3501,86.65,9,85,10.25,US,1714254196
156,maumere,-8.6199,122.2111,79.38,87,61,4.07,ID,1714254196
157,san matias,-16.3667,-58.4,87.24,55,100,4.72,BO,1714254197
158,pedrera,37.2012,-4.9035,49.48,86,3,7.56,ES,1714254197
159,i-n-salah,27.1935,2.4607,83.26,7,80,9.69,DZ,1714254197
160,new norfolk,-42.7826,147.0587,46.71,89,46,2.1,AU,1714254198
161,dunedin,-45.8742,170.5036,51.8,99,2,2.82,NZ,1714253902
162,vila velha,-20.3297,-40.2925,76.95,84,0,4.61,BR,1714254199
163,yarmouth,41.7057,-70.2286,56.64,41,0,21.85,US,1714254200
164,jijiga,9.35,42.8,66.65,78,100,3.56,ET,1714254200
165,sulak,43.2734,47.5146,57.13,75,6,22.84,RU,1714254200
166,tartagal,-22.5164,-63.8013,69.13,97,100,3.78,AR,1714254201
167,afaahiti,-17.75,-149.2833,85.87,83,58,20.92,PF,1714253914
168,kalmunai,7.4167,81.8167,82.04,84,98,3.91,LK,1714254202
169,nizhneangarsk,55.7833,109.55,30.0,87,100,5.99,RU,1714254202
170,westerland,54.9079,8.3033,50.02,93,20,8.05,DE,1714254202
171,isafjordur,66.0755,-23.124,34.99,83,80,4.61,IS,1714254203
172,khanjarah,40.5999,33.6153,59.72,73,100,5.68,TR,1714254203
173,malayer,34.2969,48.8235,53.92,48,0,5.7,IR,1714254204
174,talagutong,6.2644,125.6678,80.62,86,100,5.61,PH,1714254204
175,hanceville,34.0607,-86.7675,81.46,65,100,10.85,US,1714254205
176,ola,59.5833,151.2833,32.14,98,100,5.97,RU,1714254205
177,mil'kovo,55.6078,37.7956,49.98,82,42,5.66,RU,1714254206
178,alatyr',54.8421,46.5813,58.5,85,31,4.68,RU,1714254206
179,atafu village,-8.5421,-172.5159,85.95,74,75,15.68,TK,1714253907
180,sault ste. marie,46.5168,-84.3333,72.16,90,100,9.22,CA,1714253655
181,raja,8.4596,25.678,80.83,63,97,6.78,SS,1714254208
182,taoudenni,22.6783,-3.9836,84.67,32,86,21.63,ML,1714254209
183,anadyr,64.75,177.4833,25.3,93,100,13.42,RU,1714253920
184,mitu,1.1983,-70.1733,79.74,91,100,0.49,CO,1714254210
185,nar'yan-mar,67.6713,53.087,26.11,95,100,14.0,RU,1714254210
186,charters towers,-20.1,146.2667,69.31,78,14,16.02,AU,1714254211
187,zapata,26.9073,-99.2714,98.71,36,40,10.36,US,1714254211
188,kudahuvadhoo,2.6708,72.8944,85.19,75,100,11.92,MV,1714253935
189,wailua homesteads,22.0669,-159.378,77.79,81,75,10.36,US,1714254212
190,fisterra,42.9049,-9.2629,49.75,71,25,14.38,ES,1714254212
191,solnechnyy,50.7214,136.6319,40.03,40,16,12.33,RU,1714254213
192,amboasary,-25.0333,46.3833,68.77,89,3,2.37,MG,1714254213
193,cova figueira,14.8905,-24.2934,64.85,80,58,12.06,CV,1714254213
194,kingscliff,-28.2667,153.5667,68.77,88,75,5.75,AU,1714254214
195,barbastro,42.0356,0.1269,52.34,74,98,0.92,ES,1714254214
196,quelimane,-17.8786,36.8883,73.35,88,75,5.23,MZ,1714254215
197,santiago del estero,-27.7951,-64.2615,69.71,68,99,8.05,AR,1714254215
198,shibirghan,36.6676,65.7529,63.34,52,100,14.29,AF,1714254216
199,panaba,21.2833,-88.2667,94.82,28,88,15.61,MX,1714254216
200,thinadhoo,0.5333,72.9333,85.03,77,100,13.18,MV,1714253931
201,bodo,67.28,14.405,41.95,69,0,9.22,NO,1714254034
202,mount isa,-20.7333,139.5,62.37,48,0,5.75,AU,1714254217
203,iskateley,67.6803,53.1512,26.02,95,100,14.0,RU,1714254218
204,gorontalo,0.5412,123.0595,75.74,97,96,2.37,ID,1714254218
205,klaksvik,62.2266,-6.589,43.72,82,26,25.77,FO,1714254218
206,saint-pierre,-21.3393,55.4781,78.48,78,0,5.75,RE,1714254219
207,saltillo,25.4167,-101.0,87.3,13,0,5.01,MX,1714253986
208,piti village,13.4626,144.6933,83.3,83,75,9.22,GU,1714254220
209,port saint john's,-31.6229,29.5448,63.43,82,32,8.61,ZA,1714254011
210,ancud,-41.8697,-73.8203,50.86,84,100,17.38,CL,1714254221
211,nova sintra,14.8667,-24.7167,73.96,82,60,22.03,CV,1714254221
212,horta,38.5333,-28.6333,59.02,74,34,8.01,PT,1714254021
213,krasnyy yar,46.5331,48.3456,58.93,35,12,12.44,RU,1714254222
214,irymple,-34.25,142.1667,54.28,51,35,5.28,AU,1714254222
215,klyuchi,52.2667,79.1667,45.16,43,1,2.01,RU,1714254004
216,san antonio de pale,-1.4014,5.6325,83.53,84,43,8.1,GQ,1714254223
217,namibe,-15.1961,12.1522,76.64,74,4,4.25,AO,1714254224
218,sisimiut,66.9395,-53.6735,31.53,90,90,2.91,GL,1714254224
219,nawabshah,26.2483,68.4096,83.89,32,66,6.15,PK,1714254225
220,northam,51.0333,-4.2167,47.61,84,95,13.2,GB,1714254225
221,margate,51.3813,1.3862,52.9,94,100,3.0,GB,1714254173
222,san patricio,28.017,-97.5169,86.09,72,74,22.93,US,1714254226
223,laojunmiao,39.8333,97.7333,35.49,58,100,7.29,CN,1714254227
224,cardenas,23.0375,-81.2047,81.36,65,78,24.25,CU,1714254227
225,hadibu,12.65,54.0333,82.33,73,97,6.62,YE,1714254227
226,nicoya,10.1483,-85.452,82.83,72,100,4.05,CR,1714254228
227,constitucion,-35.3333,-72.4167,54.03,72,1,12.75,CL,1714254056
228,souillac,-20.5167,57.5167,75.58,94,75,2.3,MU,1714254229
229,tupanatinga,-8.7533,-37.3397,69.96,88,89,7.09,BR,1714254211
230,lannemezan,43.1252,0.384,45.59,94,64,4.25,FR,1714254229
231,akureyri,65.6835,-18.0878,37.33,87,75,4.61,IS,1714254230
232,heyuan,23.7333,114.6833,74.39,97,87,1.01,CN,1714254033
233,chadan,51.2833,91.5833,33.49,46,8,4.03,RU,1714254231
234,vilyuchinsk,52.9306,158.4028,37.92,98,100,4.9,RU,1714254231
235,benghazi,32.1167,20.0667,74.98,34,65,16.46,LY,1714254182
236,dauphin,51.1494,-100.0502,46.54,29,0,14.97,CA,1714254232
237,cockburn town,21.4612,-71.1419,76.23,70,99,23.42,TC,1714254232
238,pundong,-7.9522,110.3486,77.45,93,100,3.0,ID,1714254233
239,nuku'alofa,-21.1333,-175.2,84.54,79,40,11.5,TO,1714254233
240,qamdo,31.1667,97.2333,35.29,57,73,4.34,CN,1714254234
241,brigantine,39.4101,-74.3646,52.2,74,100,14.0,US,1714254234
242,punta arenas,-53.15,-70.9167,41.11,70,75,32.21,CL,1714254039
243,hilo,19.7297,-155.09,80.33,79,20,9.22,US,1714254235
244,camana,-16.6228,-72.7111,68.99,77,48,6.71,PE,1714254235
245,palikir - national government center,6.9248,158.1611,82.0,79,83,19.98,FM,1714254236
246,paracale,14.2804,122.7881,79.03,88,82,3.96,PH,1714254237
247,sitka,57.0531,-135.33,51.69,71,100,5.75,US,1714254238
248,taltal,-25.4,-70.4833,65.35,80,35,4.88,CL,1714254238
249,kroya,-7.6331,109.2461,77.97,93,100,2.98,ID,1714254238
250,mersa matruh,31.3525,27.2453,64.6,77,0,4.61,EG,1714254239
251,lome,6.1375,1.2123,86.16,84,20,8.05,TG,1714254239
252,constantia,44.1833,28.65,50.7,73,62,8.21,RO,1714254240
253,agaro,7.85,36.65,63.05,85,84,1.77,ET,1714254240
254,nantucket,41.2835,-70.0995,54.09,49,0,16.11,US,1714254183
255,ausa,41.9271,2.2497,58.35,92,100,3.98,ES,1714254241
256,muynoq,43.7683,59.0214,57.94,55,2,9.71,UZ,1714254241
257,ilha de mocambique,-15.0342,40.7358,78.22,78,24,17.07,MZ,1714254242
258,moussoro,13.6408,16.4901,88.74,10,94,14.2,TD,1714254242
259,wongsorejo,-7.9908,114.4009,77.52,91,25,7.38,ID,1714254243
260,vilyuysk,63.7553,121.6247,20.37,93,100,6.08,RU,1714254243
261,chinde,26.8418,88.0763,65.52,34,16,5.79,NP,1714254244
262,surab,28.4914,66.2585,54.37,46,98,12.37,PK,1714254245
263,villa huidobro,-34.8383,-64.5869,51.37,58,4,6.35,AR,1714254245
264,cidreira,-30.1811,-50.2056,72.45,94,100,17.69,BR,1714254245
265,siocon,7.7061,122.1353,80.28,86,98,3.6,PH,1714254246
266,xiva,41.3783,60.3639,51.78,15,1,8.75,UZ,1714254247
267,hotan,37.0997,79.9269,60.44,25,100,8.43,CN,1714254031
268,colares,38.7992,-9.4469,56.75,75,6,28.01,PT,1714254248
269,wenchang,30.904,118.4887,65.93,94,100,3.65,CN,1714254248
270,sosnovka,56.255,51.2842,58.6,78,13,6.51,RU,1714254248
271,dongola,19.1667,30.4833,85.08,19,0,18.52,SD,1714254249
272,contamana,-7.3333,-75.0167,82.2,88,100,0.63,PE,1714254249
273,tazovsky,67.4667,78.7,26.58,98,100,6.6,RU,1714254250
274,baoqing,46.3317,132.2111,44.38,59,41,5.14,CN,1714254250
275,francisco sa,-16.4758,-43.4883,78.94,76,14,9.66,BR,1714254250
276,vilhena,-12.7406,-60.1458,80.82,83,75,6.91,BR,1714254251
277,oranjemund,-28.55,16.4333,61.23,86,40,7.25,NA,1714254251
278,theunissen,-28.411,26.7011,58.46,61,59,9.42,ZA,1714254252
279,perros-guirec,48.8145,-3.4396,51.49,84,75,8.05,FR,1714254252
280,san fernando,15.0286,120.6898,83.93,79,15,4.18,PH,1714254087
281,tralee,52.2704,-9.7026,40.82,87,12,4.7,IE,1714254253
282,creston,41.0586,-94.3614,66.16,100,100,16.11,US,1714254120
283,saint-philippe,-21.3585,55.7679,78.39,83,85,2.75,RE,1714254254
284,howrah,22.5892,88.3103,87.8,79,40,9.22,IN,1714254212
285,bubaque,11.2833,-15.8333,77.22,79,70,14.92,GW,1714254255
286,storm lake,42.6411,-95.2097,63.45,82,93,6.91,US,1714254010
287,maputsoe,-28.8833,27.9,57.06,62,62,3.47,LS,1714254256
288,miass,55.045,60.1083,59.4,90,100,5.01,RU,1714254033
289,sinop,41.7711,34.8709,56.53,88,100,2.33,TR,1714254257
290,floriano,-6.7669,-43.0225,81.55,68,100,4.79,BR,1714254257
291,kailua-kona,19.6406,-155.9956,83.28,73,20,13.8,US,1714254258
292,mount pearl,47.5166,-52.7813,35.15,79,75,20.71,CA,1714254258
293,anna regina,7.2644,-58.5077,80.22,72,95,8.03,GY,1714254259
294,kismayo,-0.3582,42.5454,80.58,84,100,15.14,SO,1714254259
295,senador jose porfirio,-2.5908,-51.9542,77.25,93,100,2.91,BR,1714254260
296,selfoss,63.9331,-20.9971,41.04,67,10,6.8,IS,1714254009
297,miracema do tocantins,-9.5618,-48.3967,79.92,81,77,3.8,BR,1714254260
298,daru,-9.0763,143.2092,81.25,85,77,17.27,PG,1714254261
299,essaouira,31.5125,-9.77,62.1,77,20,5.75,MA,1714254261
300,geraldton,-28.7667,114.6,55.81,62,74,6.91,AU,1714254262
301,bondoukou,8.0333,-2.8,80.94,70,85,1.07,CI,1714254262
302,zanjan,36.6736,48.4787,49.33,47,0,7.2,IR,1714254263
303,northport,33.229,-87.5772,82.31,55,40,12.66,US,1714254002
304,walvis bay,-22.9575,14.5053,64.17,67,42,3.6,NA,1714254263
305,al jawf,29.5,38.75,76.46,33,100,2.08,SA,1714253996
306,olinda,-8.0089,-34.8553,85.73,70,40,10.36,BR,1714254265
307,dadukou,26.5479,101.7054,63.16,60,0,2.08,CN,1714254265
308,mirpur sakro,24.5474,67.6277,79.03,70,0,14.79,PK,1714254265
309,genhe,50.7833,121.5167,29.59,46,4,1.83,CN,1714254266
310,villanueva,15.3167,-88.0,91.04,55,20,19.57,HN,1714254267
311,paragominas,-2.9667,-47.4833,75.34,96,93,3.49,BR,1714253969
312,ivdel',60.6911,60.4206,53.19,97,100,5.01,RU,1714254267
313,portland,45.5234,-122.6762,53.91,78,100,8.99,US,1714254170
314,lorengau,-2.0226,147.2712,84.56,73,100,6.17,PG,1714254268
315,kayangel,8.0823,134.7173,82.94,83,100,19.75,PW,1714254033
316,bequimao,-2.4489,-44.7825,75.47,98,99,3.36,BR,1714254269
317,inyonga,-6.7167,32.0667,65.07,94,100,5.64,TZ,1714254270
318,alice springs,-23.7,133.8833,42.35,75,91,6.91,AU,1714254270
319,vicuna,-30.0319,-70.7081,78.76,27,100,3.36,CL,1714254270
320,mangrol,21.1167,70.1167,80.74,63,56,10.58,IN,1714254271
321,manta,-0.95,-80.7333,81.61,71,69,10.83,EC,1714254248
322,gereida,11.2811,25.1414,84.4,44,66,8.25,SD,1714254272
323,bel ombre,-4.6167,55.4167,83.82,78,100,7.9,SC,1714254034
324,syas'stroy,60.1367,32.5691,40.84,83,4,6.67,RU,1714254273
325,narvik,68.4384,17.4272,38.61,78,20,8.63,NO,1714254273
326,barnoldswick,53.9171,-2.1871,43.66,83,100,7.05,GB,1714254274
327,zouerate,22.7187,-12.4521,75.11,50,100,20.62,MR,1714254004
328,michurinsk,52.8978,40.4907,52.36,93,25,4.97,RU,1714254275
329,bela vista,-22.1089,-56.5211,86.43,44,14,5.39,BR,1714254276
330,gisborne,-38.6533,178.0042,56.64,58,0,4.03,NZ,1714254276
331,cam ranh,11.9214,109.1591,84.16,74,0,6.91,VN,1714254276
332,saldanha,-33.0117,17.9442,64.45,82,0,23.09,ZA,1714254277
333,erenhot,43.6475,111.9767,36.66,79,100,17.78,CN,1714254277
334,kloulklubed,7.0419,134.2556,79.3,81,100,18.25,PW,1714254278
335,klintsy,52.7602,32.2393,48.07,67,97,3.98,RU,1714254279
336,kutum,14.2,24.6667,80.49,17,34,6.82,SD,1714254279
337,ceeldheer,3.8488,47.1806,83.93,74,98,10.51,SO,1714254280
338,bankim,6.083,11.4905,75.43,76,86,1.12,CM,1714254280
339,plouzane,48.3833,-4.6167,46.45,79,20,8.05,FR,1714254278
340,puerto aysen,-45.4,-72.7,40.37,100,100,5.95,CL,1714254281
341,ciudad lazaro cardenas,17.9583,-102.2,82.11,62,22,8.55,MX,1714254131
342,nadi,-17.8,177.4167,84.2,65,75,3.44,FJ,1714254282
343,kadugli,11.0167,29.7167,88.56,34,69,1.54,SD,1714254282
344,fort bragg,35.139,-79.006,78.94,50,75,11.5,US,1714254283
345,komyshuvakha,47.7176,35.5288,58.35,67,7,12.8,UA,1714254283
346,barclayville,4.6797,-8.2339,81.03,88,54,5.01,LR,1714254283
347,itacare,-14.2775,-38.9967,78.51,85,8,9.53,BR,1714254284
348,andergrove,-21.0833,149.1833,74.64,72,89,17.69,AU,1714254284
349,tucumcari,35.1717,-103.725,71.94,14,40,20.71,US,1714254285
350,santa cruz cabralia,-16.2781,-39.0247,79.03,83,75,2.3,BR,1714254285
351,san martin,-33.081,-68.4681,64.94,48,0,8.9,AR,1714254286
352,itamaraca,-7.7478,-34.8256,86.05,83,73,8.39,BR,1714254286
353,maintirano,-18.0667,44.0167,79.66,77,76,15.28,MG,1714254287
354,mugia,43.1041,-9.2179,49.91,73,36,11.95,ES,1714254287
355,knokke-heist,51.3333,3.3333,56.05,68,100,11.86,BE,1714254287
356,baise city,23.8997,106.6133,75.34,99,7,1.5,CN,1714254288
357,mbuji-mayi,-6.15,23.6,70.45,90,51,1.72,CD,1714254288
358,lhasa,29.65,91.1,44.94,59,97,4.36,CN,1714254289
359,champerico,14.3,-91.9167,86.54,60,18,14.12,GT,1714254289
360,labytnangi,66.6572,66.4183,26.38,99,91,2.95,RU,1714254289
361,gaigeturi,33.4644,126.3183,55.45,71,0,2.3,KR,1714254290
362,morant bay,17.8815,-76.4093,89.22,82,18,14.58,JM,1714254290
363,paita,-5.0892,-81.1144,74.25,75,68,14.34,PE,1714254291
364,prado,-17.3411,-39.2208,75.96,77,0,7.61,BR,1714253996
365,lebu,-37.6167,-73.65,52.25,70,9,4.07,CL,1714254292
366,belyy yar,53.6039,91.3903,31.89,74,0,4.47,RU,1714254292
367,bonthe,7.5264,-12.505,82.04,74,92,6.93,SL,1714254293
368,port sudan,19.6175,37.2164,83.07,65,91,3.0,SD,1714254045
369,mufumbwe,-13.6833,24.8,59.92,65,0,5.91,ZM,1714254294
370,cobija,-11.0267,-68.7692,83.7,69,99,0.94,BO,1714254295
371,emerald,-23.5333,148.1667,66.34,75,0,6.4,AU,1714254295
372,cape coast,5.1053,-1.2466,83.68,85,89,8.88,GH,1714254296
373,ongjin,37.9347,125.3619,56.98,52,99,4.79,KP,1714254296
374,argo,37.6333,22.7333,57.9,64,0,5.06,GR,1714254296
375,ust'-ilimsk,58.0006,102.6619,32.43,93,100,4.0,RU,1714254297
376,taroa,8.7058,171.2275,82.42,84,95,18.86,MH,1714254297
377,isangel,-19.55,169.2667,78.91,78,75,2.3,VU,1714254298
378,penzance,50.1186,-5.5371,47.08,77,100,16.22,GB,1714254298
379,muroto-misakicho,33.2833,134.15,65.8,84,1,5.32,JP,1714254298
380,tolanaro,-25.0319,46.9987,73.47,88,40,4.61,MG,1714254299
381,aketi,2.7388,23.7833,71.51,98,54,2.42,CD,1714254300
382,baukau,51.5526,7.2042,59.58,69,100,6.13,DE,1714254300
383,marilia,-22.2139,-49.9458,84.07,54,0,0.0,BR,1714254301
384,castillos,-34.1667,-53.8333,54.21,61,73,5.12,UY,1714254301
385,sinabang,2.4803,96.3801,80.82,83,100,4.45,ID,1714254022
386,santana,-0.0583,-51.1817,86.18,70,75,8.05,BR,1714254303
387,olyokminsk,60.3736,120.4264,29.61,94,100,4.81,RU,1714254303
388,ubari,26.5921,12.7805,84.76,11,15,5.08,LY,1714254303
389,luanda,-8.8368,13.2343,82.4,86,40,8.05,AO,1714254134
390,zhanaozen,43.3,52.8,62.01,29,7,17.22,KZ,1714254304
391,barreirinhas,-2.7469,-42.8264,77.05,93,100,4.18,BR,1714254305
392,fort-shevchenko,44.5086,50.263,66.54,25,7,15.03,KZ,1714254023
393,nova vicosa,-17.8919,-39.3719,77.13,72,0,5.99,BR,1714254306
394,san pedro pochutla,15.7333,-96.4667,92.91,50,5,11.32,MX,1714254306
395,laboulaye,-34.1266,-63.3912,51.76,68,46,3.58,AR,1714254306
396,kapuskasing,49.4169,-82.4331,50.09,93,100,12.66,CA,1714254307
397,chibougamau,49.9168,-74.3659,58.62,26,100,12.66,CA,1714254307
398,qarazhal,48.0078,70.7903,41.47,37,0,10.02,KZ,1714254308
399,andovoranto,-18.95,49.1,73.96,93,73,3.62,MG,1714254308
400,asind,25.7333,74.3333,78.6,19,3,11.65,IN,1714254308
401,buri ram,14.9943,103.1039,85.44,54,5,8.37,TH,1714254309
402,mendi,-6.1761,143.6513,61.02,92,90,0.45,PG,1714254309
403,tulun,54.5611,100.5792,35.19,96,97,6.22,RU,1714254310
404,fale old settlement,-9.3852,-171.2468,85.66,75,98,13.0,TK,1714254310
405,bodaybo,57.8506,114.1933,35.11,97,100,4.23,RU,1714254311
406,laascaanood,8.4774,47.3597,82.94,52,75,13.96,SO,1714254311
407,tooele,40.5308,-112.2983,47.8,84,100,3.44,US,1714254311
408,vernon,50.2581,-119.2691,54.61,76,100,5.01,CA,1714254312
409,port shepstone,-30.7414,30.455,64.33,78,29,7.83,ZA,1714254312
410,rongelap,11.1635,166.8941,81.32,74,89,18.61,MH,1714254313
411,shanor-northvue,40.9105,-79.9156,78.26,67,100,11.5,US,1714254313
412,sligo,54.2697,-8.4694,41.59,82,3,2.66,IE,1714254308
413,guerrero negro,27.9769,-114.0611,66.11,57,0,23.6,MX,1714254314
414,san juan de miraflores,-12.1629,-76.9635,72.12,82,60,6.4,PE,1714254315
415,ostashkov,57.1467,33.1075,43.57,63,53,2.44,RU,1714254315
416,naha,26.2125,127.6811,76.91,91,75,6.91,JP,1714254316
417,cestos city,5.46,-9.5828,82.96,85,69,9.4,LR,1714254316
418,glen innes,-29.7333,151.7333,53.56,82,58,7.52,AU,1714254317
419,t'aebaek,37.1759,128.9889,59.47,53,3,2.08,KR,1714254317
420,wermelskirchen,51.15,7.2167,57.51,88,100,6.69,DE,1714254318
421,chak azam sahu,30.75,73.0333,73.71,51,14,6.24,PK,1714254318
422,arraial do cabo,-22.9661,-42.0278,76.86,78,0,14.97,BR,1714254318
423,arauco,-37.2463,-73.3175,50.7,81,63,1.77,CL,1714254319
424,faya-largeau,17.9257,19.1043,84.61,9,0,14.58,TD,1714254319
425,kenai,60.5544,-151.2583,53.69,43,0,16.11,US,1714254320
426,beau vallon,-20.4189,57.6953,77.22,94,75,2.3,MU,1714254320
427,lijiang,26.8688,100.2207,43.59,84,7,4.97,CN,1714254321
428,graaff-reinet,-32.2522,24.5308,68.4,55,100,9.71,ZA,1714254322
429,tsiombe,-25.3,45.4833,67.95,89,10,4.07,MG,1714254322
430,rio bueno,-40.3167,-72.9667,53.74,80,42,4.5,CL,1714254323
431,baley,51.6,116.6333,29.93,45,4,4.0,RU,1714254323
432,gasa,31.5,34.4667,66.54,82,81,7.83,PS,1714254323
433,dabwali,29.95,74.7333,74.88,46,4,5.86,IN,1714254324
434,west bay,19.3667,-81.4167,86.07,74,40,16.11,KY,1714254324
435,la tuque,47.4334,-72.7824,61.05,21,100,10.36,CA,1714254325
436,selkirk,50.1436,-96.8845,50.09,54,100,15.01,CA,1714254311
437,lata,40.1629,-8.3327,49.91,95,32,2.19,PT,1714254325
438,hasaki,35.7333,140.8333,63.28,87,11,6.98,JP,1714254326
439,basco,20.4487,121.9702,83.25,84,5,13.22,PH,1714254326
440,ishikawa,26.4233,127.8214,76.96,94,20,6.91,JP,1714254327
441,richmond,37.5538,-77.4603,65.91,80,100,8.05,US,1714254114
442,tukrah,32.5341,20.5791,69.64,48,97,10.74,LY,1714254328
443,marsh harbour,26.5412,-77.0636,73.17,68,50,24.18,BS,1714254328
444,ovruch,51.3246,28.8035,49.35,66,100,3.15,UA,1714254192
445,peterhead,57.5058,-1.7981,41.4,85,11,10.42,GB,1714254329
446,crescentino,45.1904,8.0999,54.01,97,100,3.96,IT,1714254329
447,acarau,-2.8856,-40.12,75.38,93,100,12.77,BR,1714254330
448,petauke,-14.2426,31.3253,62.19,76,0,8.37,ZM,1714254330
449,el bayadh,33.6832,1.0193,60.94,37,13,23.42,DZ,1714254330
450,labrador city,52.9463,-66.9114,53.51,32,40,16.11,CA,1714254057
451,taishan,22.2514,112.7799,79.45,93,88,6.76,CN,1714254331
452,terme,41.2092,36.9739,55.33,89,100,1.57,TR,1714254332
453,shenkursk,62.1091,42.896,40.69,93,100,8.55,RU,1714254332
454,fada,9.5667,8.3,81.79,55,98,1.54,NG,1714254333
455,languyan,5.2618,120.0807,80.33,86,100,4.97,PH,1714254333
456,harstad,68.799,16.5293,38.59,77,11,13.0,NO,1714254333
457,callao,-12.0667,-77.15,73.69,68,0,9.22,PE,1714254334
458,port moresby,-9.4431,147.1797,76.42,94,20,3.44,PG,1714254304
459,sao joao da barra,-21.6403,-41.0511,77.09,81,0,14.61,BR,1714254335
460,elista,46.3078,44.2558,59.58,77,31,27.0,RU,1714254335
461,curitibanos,-27.2828,-50.5844,65.25,94,1,3.06,BR,1714254335
462,nuuk,64.1835,-51.7216,36.21,80,75,5.75,GL,1714254336
463,happy valley-goose bay,53.3168,-60.3315,57.51,26,20,10.36,CA,1714254336
464,prince rupert,54.3161,-130.3201,50.09,74,75,23.02,CA,1714254337
465,dali,25.7,100.1833,54.05,65,28,4.29,CN,1714254337
466,lively,46.4334,-81.1498,54.01,94,100,11.79,CA,1714254338
467,severnoye,56.3491,78.3619,50.99,55,100,11.99,RU,1714254338
468,kokpekty,48.75,82.4,39.22,39,6,4.32,KZ,1714254338
469,koidu,8.4167,-10.8333,75.56,94,62,2.15,SL,1714254339
470,vrangel',42.7297,133.0839,47.71,84,100,4.45,RU,1714254339
471,fort st. john,56.2499,-120.8529,53.49,30,40,2.3,CA,1714254340
472,aktau,43.65,51.2,59.58,30,12,14.76,KZ,1714254340
473,mount pleasant,32.7941,-79.8626,77.14,63,20,10.36,US,1714254341
474,ahmadpur east,29.1431,71.2598,82.69,27,78,6.69,PK,1714254341
475,luderitz,-26.6481,15.1594,63.5,70,18,3.62,NA,1714254342
476,akrehamn,59.2667,5.1833,44.01,75,18,8.05,NO,1714254342
477,shepetivka,50.1855,27.0637,49.95,73,100,6.15,UA,1714254343
478,mildura,-34.2,142.15,54.45,51,34,5.21,AU,1714254343
479,luwuk,-0.9516,122.7875,73.89,91,74,3.22,ID,1714254343
480,sandnessjoen,66.0217,12.6316,34.32,66,86,9.17,NO,1714254344
481,colonia,50.9333,6.95,59.97,63,0,6.91,DE,1714254259
482,la ronge,55.1001,-105.2842,39.45,35,20,13.8,CA,1714254345
483,jinchang,38.4953,102.1739,47.05,47,99,4.85,CN,1714254345
484,lazaro cardenas,17.9583,-102.2,82.11,62,22,8.55,MX,1714254346
485,grand-bassam,5.2118,-3.7388,85.96,84,58,8.34,CI,1714254346
486,araguaina,-7.1911,-48.2072,80.83,73,100,2.44,BR,1714254346
487,pachino,36.7186,15.0907,58.86,85,4,18.57,IT,1714254347
488,ayvalik,39.3191,26.6954,60.48,69,4,10.98,TR,1714254347
489,wellington,-41.2866,174.7756,52.86,83,4,9.22,NZ,1714254183
490,cold lake,54.4502,-110.2017,49.95,29,100,13.8,CA,1714254348
491,sipalay,9.75,122.5,79.18,84,100,4.63,PH,1714254349
492,suklayin,15.7574,121.5503,78.06,94,13,1.21,PH,1714254349
493,katutura,-22.521,17.0557,74.37,29,98,2.37,NA,1714254349
494,fortaleza,-3.7227,-38.5247,84.33,79,75,2.3,BR,1714254289
495,port augusta,-32.5,137.7667,55.35,49,0,5.39,AU,1714254350
496,kourou,5.1552,-52.6478,82.45,83,63,5.75,GF,1714254351
497,kondagaon,19.6,81.6667,81.21,41,10,3.29,IN,1714254351
498,kafanchan,9.5833,8.3,82.13,55,98,1.5,NG,1714254352
499,pierre,44.3683,-100.351,52.72,75,100,15.01,US,1714254277
500,hammerfest,70.6634,23.6821,32.45,74,75,9.22,NO,1714254353
501,campoverde,-8.4753,-74.8058,80.29,79,100,2.75,PE,1714254353
502,tekkekoy,41.2117,36.46,55.15,94,75,2.3,TR,1714254353
503,mayya,61.7333,130.2811,24.31,60,12,6.85,RU,1714254354
504,huilong,31.8111,121.655,61.59,92,100,13.22,CN,1714254355
505,santa marta,11.2408,-74.199,89.65,66,40,12.66,CO,1714254091
506,nianzishan,47.5167,122.8833,40.21,38,31,2.93,CN,1714254356
507,sanctuary point,-35.1114,150.629,55.33,80,5,4.85,AU,1714254356
508,magadan,59.5667,150.8,31.53,99,100,5.03,RU,1714254205
509,pathein,16.7833,94.7333,81.18,84,1,8.23,MM,1714254357
510,buenos aires,-34.6132,-58.3772,60.48,48,52,28.01,AR,1714254192
511,puerto maldonado,-12.6,-69.1833,91.8,62,20,2.3,PE,1714254358
512,pokrovsk,48.282,37.1758,58.01,81,83,12.57,UA,1714254358
513,myanaung,18.2833,95.3167,85.66,62,0,4.45,MM,1714254358
514,kavaratti,10.5669,72.642,85.93,69,84,9.42,IN,1714254359
515,port lincoln,-34.7333,135.8667,57.76,53,7,11.01,AU,1714254359
516,lyndon,38.2567,-85.6016,78.8,59,20,10.36,US,1714254360
517,pader palwo,2.8006,33.135,68.76,81,83,5.57,UG,1714254360
518,taitung city,22.7583,121.1444,76.59,79,14,3.62,TW,1714254361
519,beinamar,8.6698,15.3813,88.18,16,25,3.24,TD,1714254361
520,chagoda,59.164,35.3285,40.87,81,34,2.59,RU,1714254361
521,rouached,36.4577,6.0427,58.1,35,54,6.78,DZ,1714254362
522,vung tau,10.346,107.0843,83.46,75,72,9.57,VN,1714254362
523,san pascual,13.7975,121.0342,80.87,86,24,9.24,PH,1714254363
524,huron,41.1501,-82.5499,77.5,70,88,18.54,US,1714254363
525,kerikeri,-35.2268,173.9474,62.91,81,0,5.99,NZ,1714254364
526,sanming,26.2486,117.6186,67.87,96,100,2.71,CN,1714254364
527,mahina,-17.5065,-149.489,87.57,70,7,9.22,PF,1714254364
528,goundam,16.4145,-3.6708,92.17,12,1,9.86,ML,1714254365
529,meadow lake,34.8014,-106.5436,59.49,37,100,26.28,US,1714254365
530,mili,6.0815,171.735,82.27,81,100,16.33,MH,1714254366
531,vwawa,-9.1167,32.9333,57.34,96,41,5.99,TZ,1714254366
532,lubang,13.8584,120.124,84.4,80,26,21.27,PH,1714254367
533,kirakira,-10.4544,161.9205,84.65,78,97,3.42,SB,1714254367
534,kiunga,-6.1219,141.2906,76.42,98,83,2.51,PG,1714254368
535,malango,-2.9627,119.9001,66.13,97,70,2.98,ID,1714254368
536,colchani,-20.3,-66.9333,59.72,23,0,5.55,BO,1714254368
537,terbanggi besar,-4.8667,105.2333,77.52,90,100,6.64,ID,1714254369
538,nadym,65.5333,72.5167,28.96,91,100,7.54,RU,1714254369
539,razampeta,14.1833,79.1667,81.43,54,11,4.07,IN,1714254370
540,dabola,10.75,-11.1167,86.49,49,65,7.14,GN,1714254370
541,odesskoye,54.2111,72.9651,50.11,37,100,11.68,RU,1714254371
542,nizhnyaya poyma,56.1622,97.1933,35.62,91,100,6.06,RU,1714254371
543,keelung,25.1283,121.7419,77.09,90,100,6.98,TW,1714254371
544,villa gesell,-37.2639,-56.973,51.06,45,20,13.33,AR,1714254372
545,kununurra,-15.7667,128.7333,62.58,72,5,3.44,AU,1714254254
546,yulin,22.6333,110.15,76.19,92,0,4.5,CN,1714254373
547,flin flon,54.7682,-101.865,37.24,28,0,5.75,CA,1714254265
548,mosfellsbaer,64.1667,-21.7,45.91,49,40,9.22,IS,1714254373
549,kolyshley,52.7005,44.5367,59.63,68,100,5.55,RU,1714254374
550,martuk,50.7475,56.5056,57.97,55,70,7.23,KZ,1714254374
551,aginskoye,51.1,114.53,29.62,59,9,6.85,RU,1714254375
552,pontes e lacerda,-15.2261,-59.3353,80.98,77,81,3.49,BR,1714254201
553,aswan,24.0934,32.907,85.3,26,0,9.22,EG,1714254114
554,big bend,-26.8167,31.9333,59.58,83,3,2.75,SZ,1714254376
555,gimbi,9.1667,35.8333,58.44,87,78,3.62,ET,1714254376
556,ceylanpinar,36.8472,40.05,71.69,34,7,8.55,TR,1714254377
557,bridgewater,44.3835,-64.5155,54.1,35,0,7.0,CA,1714254377
558,novyy urgal,51.0736,132.5642,33.53,48,30,10.4,RU,1714254378
559,zholymbet,51.7433,71.7122,46.36,39,68,7.94,KZ,1714254378
560,satsuma,30.8532,-88.0561,81.68,50,100,12.26,US,1714254349
561,carutapera,-1.195,-46.02,76.33,94,100,4.43,BR,1714254379
562,nehe,48.4833,124.8333,40.21,43,0,5.46,CN,1714254379
563,boundiali,9.5217,-6.4869,77.14,78,100,3.24,CI,1714254380
564,voi,-3.3945,38.563,72.37,88,98,6.78,KE,1714254380
565,sen monorom,12.45,107.2,71.64,87,60,6.13,KH,1714254381
566,kani keli,-12.9536,45.1033,83.46,73,100,9.4,YT,1714254381
